to,amount
0.0.12345,1000
0.0.67890,500
alice,250
bob,100
